city,district
Київ,Троєщина
Київ,Поділ
Київ,Оболонь
Київ,Печерськ
Київ,Дарниця
Київ,Борщагівка
Київ,Солом'янка
Київ,Виноградар
Київ,Русанівка
Київ,Березняки
Київ,Святошин
Київ,Голосієво
Київ,Лук'янівка
Київ,Нивки
Київ,Теремки
Київ,Позняки
Київ,Осокорки
Київ,Харківський масив
Київ,Лісовий
Київ,Чоколівка
Львів,Сихів
Львів,Левандівка
Львів,Збоїща
Львів,Рясне
Львів,Погулянка
Львів,Личаків
Львів,Привокзальна
Львів,Центр
Львів,Майорівка
Львів,Голоско
Львів,Новий Львів
Львів,Наукова
Харків,Салтівка
Харків,Олексіївка
Харків,ХТЗ
Харків,Журавлівка
Харків,Холодна Гора
Харків,Нові Будинки
Харків,Павлове Поле
Харків,Шатилівка
Харків,Левада
Харків,П'ятихатки
Харків,Рогань
Харків,Баварія
Харків,Центр
Одеса,Молдаванка
Одеса,Пересип
Одеса,Аркадія
Одеса,Черемушки
Одеса,Таїрове
Одеса,Слобідка
Одеса,Фонтан
Одеса,Лузанівка
Одеса,Котовського
Одеса,Поселок
Одеса,Привоз
Одеса,Ланжерон
Дніпро,Тополя
Дніпро,Перемога
Дніпро,Парус
Дніпро,Лівобережний
Дніпро,Сокіл
Дніпро,Червоний Камінь
Дніпро,Комунар
Дніпро,Покровський
Дніпро,12-й квартал
Дніпро,Придніпровськ
Дніпро,Центр
Дніпро,Гагаріна
Дніпро,Клочко
Запоріжжя,Бабурка
Запоріжжя,Космос
Запоріжжя,Піски
Запоріжжя,Кічкас
Запоріжжя,Шевченківський
Запоріжжя,Бородінський
Запоріжжя,Осипенківський
Запоріжжя,Правий берег
Запоріжжя,Малий ринок
Запоріжжя,Анголенко
Івано-Франківськ,Пасічна
Івано-Франківськ,БАМ
Івано-Франківськ,Каскад
Івано-Франківськ,Позитрон
Івано-Франківськ,Опришівці
Івано-Франківськ,Центр
Івано-Франківськ,Майзлі
Івано-Франківськ,Княгинин
Івано-Франківськ,Софіївка
Івано-Франківськ,Набережна
Тернопіль,Дружба
Тернопіль,Східний
Тернопіль,Сонячний
Тернопіль,Аляска
Тернопіль,Канада
Тернопіль,Центр
Тернопіль,Новий Світ
Тернопіль,Бам
Тернопіль,Старий Парк
Рівне,Північний
Рівне,Ювілейний
Рівне,Боярка
Рівне,Центр
Рівне,Басів Кут
Рівне,Чайка
Рівне,Мототрек
Рівне,Пивзавод
Рівне,Щасливе
Луцьк,33-й квартал
Луцьк,40-й квартал
Луцьк,Вишків
Луцьк,ГПЗ
Луцьк,Центр
Луцьк,Старе місто
Луцьк,Завокзальний
Луцьк,ЛПЗ
Луцьк,Вересневе
Хмельницький,Виставка
Хмельницький,Озерна
Хмельницький,Ракове
Хмельницький,Дубове
Хмельницький,Гречани
Хмельницький,Центр
Хмельницький,Південно-Західний
Хмельницький,Лезневе
Хмельницький,Книжківці
Чернівці,Гравітон
Чернівці,Роша
Чернівці,Садгора
Чернівці,Калічанка
Чернівці,Центр
Чернівці,Клокучка
Чернівці,Гореча
Чернівці,Кемпінг
Ужгород,Радванка
Ужгород,Шахта
Ужгород,Новий район
Ужгород,Центр
Ужгород,Боздош
Ужгород,Доманинці
Ужгород,Горяни
Вінниця,Вишенька
Вінниця,Замосття
Вінниця,Старе місто
Вінниця,Поділля
Вінниця,Корея
Вінниця,Слов'янка
Вінниця,Тяжилів
Вінниця,П'ятничани
Вінниця,Сабарів
Вінниця,Електромережа
Полтава,Алмаз
Полтава,Левада
Полтава,Сади
Полтава,Поділ
Полтава,Інститут зв'язку
Полтава,Браїлки
Полтава,Центр
Полтава,Огнівка
Полтава,Юрівка
Чернігів,Масани
Чернігів,Шерстянка
Чернігів,Бобровиця
Чернігів,Ремзавод
Чернігів,Центр
Чернігів,Лісковиця
Чернігів,Подусівка
Чернігів,Рокоссовського
Житомир,Польова
Житомир,Крошня
Житомир,Богунія
Житомир,Корбутівка
Житомир,Центр
Житомир,Смолянка
Житомир,Мальованка
Житомир,Мар'янівка
Суми,Хіммістечко
Суми,9-ка
Суми,10-ка
Суми,Курська
Суми,Баранівка
Суми,Центр
Суми,Роменська
Суми,Тимірязєвка
Черкаси,Митниця
Черкаси,Південно-Західний
Черкаси,Центр
Черкаси,Дніпровський
Черкаси,Соснівка
Черкаси,Казбет
Черкаси,Хімселище
Черкаси,Луначарка
Кропивницький,Ковалівка
Кропивницький,Балашівка
Кропивницький,Велика Балка
Кропивницький,101-й мікрорайон
Кропивницький,Центр
Кропивницький,Лелеківка
Кропивницький,Новомиколаївка
Кропивницький,Жадова
Миколаїв,Намив
Миколаїв,Ліски
Миколаїв,Соляні
Миколаїв,Жовтневе
Миколаїв,Центральний
Миколаїв,Корабельний
Миколаїв,ПТЗ
Миколаїв,Варварівка
Миколаїв,Тернівка
Миколаїв,Північний
Херсон,Таврійський
Херсон,Шуменський
Херсон,Житлоселище
Херсон,Центр
Херсон,ХБК
Херсон,Острів
Херсон,Східний
